6,202,GGCACGTGCCAC,0.030144
7,202,GGTACGTGCCAC,0.086547
8,202,TGCAAGTATACT,0.001576
9,202,TGTAAGTATACT,0.002660
12,201,GCTTAGTAAGCA,0.118692
13,201,GCTGAGTAAGCA,0.117724
16,201,TTACAGTGAGCA,0.025372
17,201,TTAGAGTGAGCA,0.012091
26,202,TAGGGGTCACTC,0.002794
27,202,TAAGGGTCACTC,0.002561
28,201,TAACAGTAAAAT,0.007922
29,201,TAAGAGTAAAAT,0.000961
32,201,CCAATGTACATG,0.079936
33,201,CCAGTGTACATG,0.006055
38,201,ATCATGTAAAAT,0.001260
39,201,ATCGTGTAAAAT,0.000498
44,201,AGCTAGTGAGTG,0.009294
45,201,AGCGAGTGAGTG,0.020967
54,201,AGATTGTAAGAA,0.005099
55,201,AGAGTGTAAGAA,0.005739
60,202,GGGAAGTTGCAT,0.001327
61,202,GGTAAGTTGCAT,0.065026
66,201,CTGATGTAAGAG,0.016834
67,201,CTGGTGTAAGAG,0.001996
70,201,AAACTGTGAGCT,0.179304
71,201,AAAGTGTGAGCT,0.161878
76,201,CAGGCGTGAGCC,0.002666
77,201,CAGTCGTGAGCC,0.000977
90,201,TGATGGTGTGCA,0.029896
91,201,TGAAGGTGTGCA,0.346409
92,202,GGCATGTGCCAC,0.001372
93,202,GGTATGTGCCAC,0.013633
102,200,GGAGGGTAGTAG,0.021613
103,200,GGAGTGTAGTAG,0.008923
108,201,TCGCCGTCAGTA,0.150484
109,201,TCGGCGTCAGTA,0.147306
112,202,GGGAAGTGGTAG,0.016169
113,202,GGTAAGTGGTAG,0.047927
126,200,CAGGCGTGTGCT,0.014437
126,202,GGCGTGTGCTAC,0.004589
127,200,CAGGTGTGTGCT,0.081747
127,202,GGTGTGTGCTAC,0.016597
128,200,CCCACGTAAGCA,0.342239
129,200,CCCAGGTAAGCA,0.932949
130,201,AAAATGTAGGGT,0.049690
131,201,AAAGTGTAGGGT,0.005973
132,201,TGGAAGTAGGAG,0.042109
133,201,TGGGAGTAGGAG,0.009044
138,200,ATTCAGTGAGCC,0.060517
139,200,ATTCGGTGAGCC,0.598055
150,201,AAAGGGTGAGAA,0.046117
151,201,AAAAGGTGAGAA,0.547191
158,200,TTAACGTGTGTT,0.091747
158,202,AACGTGTGTTTT,0.004101
159,200,TTAAGGTGTGTT,0.775669
159,202,AAGGTGTGTTTT,0.047095
168,201,ATCAAGTAAGGA,0.450826
169,201,ATCGAGTAAGGA,0.366478
170,201,AGAGAGTAAGCA,0.264840
171,201,AGAGAGTAAGCA,0.264840
176,200,TATAAGTAAGGT,0.232867
177,200,TATAGGTAAGGT,0.934760
182,202,GGCGAGTAAGAC,0.004520
183,202,GGTGAGTAAGAC,0.015432
184,202,TACGGGTAATTT,0.537999
185,202,TAAGGGTAATTT,0.496961
186,201,ACTCAGTGGGTT,0.058232
187,201,ACTGAGTGGGTT,0.111810
194,201,TCAATGTAAACT,0.001187
195,201,TCAGTGTAAACT,0.000482
196,202,ACAGGGTCAGTG,0.953334
197,202,ACAGGGTCAGTG,0.953334
200,202,TGCAAGTTTCCA,0.056015
201,202,TGTAAGTTTCCA,0.118606
204,201,GTGGGGTGAGAA,0.052153
205,201,GTGAGGTGAGAA,0.659773
214,200,ATAATGTATTCA,0.006397
215,200,ATAAGGTATTCA,0.681708
220,200,ACGACGTAAGAG,0.315855
221,200,ACGAGGTAAGAG,0.986789
222,201,GACGGGTGGGAG,0.208858
223,201,GACAGGTGGGAG,0.701917
230,200,ACCAAGTCTGGT,0.001414
231,200,ACCAGGTCTGGT,0.362666
232,201,TTACTGTATGTA,0.517990
233,201,TTAGTGTATGTA,0.319910
246,202,GGCAGGTTGTGT,0.061997
247,202,GGTAGGTTGTGT,0.077505
256,200,CAGGCGTGTGAT,0.000817
256,202,GGCGTGTGATTT,0.000799
257,200,CAGGTGTGTGAT,0.018246
257,202,GGTGTGTGATTT,0.005612
258,202,GGCAGGTGATAT,0.055020
259,202,GGTAGGTGATAT,0.026141
262,200,ATGGTGTAAGAT,0.228360
263,200,ATGGGGTAAGAT,0.716757
266,201,CACATGTACTTT,0.009113
267,201,CACGTGTACTTT,0.008369
268,202,GGCATGTACCAC,0.005574
269,202,GGTATGTACCAC,0.042290
276,202,GGCACGTGCCAC,0.003508
277,202,GGTACGTGCCAC,0.013921
284,201,AACTAGTGAGCG,0.915460
285,201,AACGAGTGAGCG,0.944284
292,202,GACGGGTGGGTC,0.518803
293,202,GAAGGGTGGGTC,0.485896
300,201,AGGCTGTTAATC,0.033331
301,201,AGGTTGTTAATC,0.021069
302,200,CTACTGTGAGCT,0.608403
303,200,CTACGGTGAGCT,0.989807
304,201,CAGAGGTTTCAG,0.016696
305,201,CAGGGGTTTCAG,0.004224
308,202,GACCGGTGAGGA,0.466356
309,202,GATCGGTGAGGA,0.419720
316,201,AAAAAGTCAGAA,0.000409
317,201,AAAGAGTCAGAA,0.000466
326,201,GTGGGGTGAGGC,0.621545
327,201,GTGAGGTGAGGC,0.953017
328,201,TTCCTGTATGTT,0.383650
329,201,TTCGTGTATGTT,0.455965
330,201,TGAATGTCAGTG,0.070560
331,201,TGAGTGTCAGTG,0.003487
332,201,AAGATGTAGGCC,0.068829
333,201,AAGGTGTAGGCC,0.000825
342,201,CCCAAGTAAATA,0.215339
343,201,CCCGAGTAAATA,0.064095
376,201,TCAGAGTGAATT,0.000080
377,201,TCACAGTGAATT,0.000073
384,200,AACTAGTAAGGG,0.023533
385,200,AACTGGTAAGGG,0.723700
392,200,GCCAAGTAGATG,0.006606
393,200,GCCAGGTAGATG,0.894271
398,201,GTGCAGTAAGGT,0.701305
399,201,GTGGAGTAAGGT,0.748692
