AGAAGA	1.0339
GAAGAT	0.9918
GACGTC	0.9836
GAAGAC	0.9642
TCGTCG	0.9517
TGAAGA	0.9434
CAAGAA	0.9219
TCGCCG	0.9113
GCAAGA	0.8911
CGTCGA	0.8853
CGTCGC	0.8850
TCGACG	0.8750
GACGGA	0.8727
TCGGCG	0.8630
CCGTCG	0.8574
GACGAC	0.8459
GAAGAA	0.8450
CGTCGG	0.8439
CGGACG	0.8412
CGACGG	0.8247
GACGCG	0.8214
ACGTCG	0.8104
ACGCCG	0.8095
CGACGA	0.8051
AAGAAA	0.7946
TTCGTC	0.7893
CCGACG	0.7860
CGCGGA	0.7845
AACGGA	0.7804
AAGACT	0.7783
GTCGTC	0.7740
GGACGC	0.7614
GACGAT	0.7602
CGTCCG	0.7525
TCATCG	0.7523
CGAAGA	0.7496
TTCGAC	0.7493
CGCGAC	0.7466
CGCCGG	0.7459
TCTTCG	0.7411
CGACGC	0.7396
CGCGCG	0.7253
AAGACG	0.7251
GCGGAC	0.7250
GACGGC	0.7245
ACGACG	0.7236
CGGCGG	0.7208
TTCGCG	0.7203
GACGAA	0.7184
GCGACG	0.7180
TGACGA	0.7170
ACGGCG	0.7085
CAAGAC	0.7052
GAACGC	0.7029
TCTGCG	0.6976
GGACGA	0.6974
CGTGGA	0.6925
AACGCG	0.6918
CGGCGA	0.6863
GTCGAC	0.6856
TGGACG	0.6856
CGTCGT	0.6852
AACGTC	0.6841
GACATC	0.6822
GCGTCG	0.6756
ACGGAC	0.6755
AAGAGA	0.6754
CGCGTC	0.6754
TCCGCG	0.6753
GGACCT	0.6750
TCGCGC	0.6741
GATGGA	0.6640
GACCTG	0.6639
TCGTCT	0.6631
GACGCC	0.6626
CCGCGG	0.6622
TCGCGA	0.6609
CTGCGA	0.6590
ATCGTC	0.6516
TCACCG	0.6513
GGAAGA	0.6505
TCGTCC	0.6504
TCGACC	0.6498
TCTCCG	0.6469
GACCGG	0.6469
TCTACG	0.6457
CGACGT	0.6445
TCAACG	0.6432
GATGAC	0.6428
GAACGA	0.6420
GGACGT	0.6418
CGAAGC	0.6405
CGCGGG	0.6402
CGTCCA	0.6401
CAAGAT	0.6380
AAGATC	0.6375
TTCGCC	0.6369
TCCGGA	0.6361
GGACCG	0.6361
CGCCCG	0.6358
ACGATC	0.6313
AAGAAC	0.6302
GAGGAC	0.6264
GACCCG	0.6255
TCCTCG	0.6233
CGCGCC	0.6223
CCGGAG	0.6220
GTGGAC	0.6217
CCGGCG	0.6215
TCGCGG	0.6207
ACTTCG	0.6206
CAAGGA	0.6197
CTGCCG	0.6191
CGGAAC	0.6180
CGGAGC	0.6180
GCGTCC	0.6176
TTCGGC	0.6150
GAAGTC	0.6142
CGAACG	0.6139
AAGAAT	0.6130
GGCGTC	0.6127
TGGAAC	0.6122
GGCGAC	0.6083
TGGACC	0.6082
ACGCGC	0.6078
CGCACG	0.6036
ACTCCG	0.6024
CGTTCG	0.6013
AGACGA	0.6009
ACGCGG	0.6003
CGGAGA	0.5989
GACCGA	0.5984
GAAGCC	0.5980
TTCATC	0.5972
TGTGGA	0.5953
GCGACC	0.5953
CGGCGC	0.5946
GGAACC	0.5929
GACGTT	0.5917
AAGAAG	0.5907
CCGGGA	0.5902
ATGGAC	0.5894
GTTCGC	0.5889
ACGGAT	0.5878
GTGGAA	0.5870
ACAACG	0.5868
GAATCG	0.5856
CTGCGC	0.5854
GAACCG	0.5849
GTGACG	0.5841
CCTGCG	0.5840
CCGCGA	0.5834
TCGATC	0.5817
CTGCGG	0.5806
CGACCG	0.5776
GATGGC	0.5761
CGTCTG	0.5740
CGGATG	0.5728
CCCGCG	0.5711
CTTCGC	0.5710
ACATCG	0.5709
AAGGAC	0.5707
CGGCGT	0.5700
TTGCCG	0.5681
AAGGAT	0.5675
GAACCT	0.5663
GAAGGA	0.5652
GTGAAG	0.5613
TCGGAC	0.5591
GCGCGC	0.5565
GAAGCG	0.5559
GCGGCG	0.5551
GGAGAC	0.5551
ACGTCC	0.5534
GAAGGC	0.5530
AACAAC	0.5507
ACCGGG	0.5499
ACCTCG	0.5477
TGACCG	0.5473
TACGCG	0.5462
GATGCC	0.5459
GACCCT	0.5453
AAGGAA	0.5453
CGCTGA	0.5447
ATGACG	0.5443
GACGCT	0.5437
CGCGAA	0.5425
AGACGT	0.5422
TACGAC	0.5417
CAACGC	0.5417
TCGACT	0.5417
ATCGCG	0.5411
GCGGAT	0.5409
ACGGTC	0.5405
CTTCGG	0.5404
GATGCG	0.5404
CTGTCG	0.5400
AGACCT	0.5397
TGACGC	0.5391
ATCGAC	0.5386
CGTGCG	0.5379
AACAGA	0.5371
TCCACG	0.5369
TGATCG	0.5365
GACCGT	0.5363
GCGCCG	0.5362
ACACCG	0.5360
CTCGCG	0.5357
GAGCGC	0.5354
AGAGAC	0.5350
CCCGTC	0.5334
CTCCGG	0.5316
CCTCCG	0.5315
CGAGCG	0.5314
GAGGAT	0.5306
GACGAG	0.5291
CGACCA	0.5285
CGGAAG	0.5284
GAGACG	0.5283
TCCGAC	0.5263
AGACGC	0.5262
AGAGGA	0.5258
ACGCCT	0.5246
CCGGAA	0.5245
CATGGA	0.5237
AACGGC	0.5234
GGAACG	0.5218
CTGACG	0.5215
GATGTC	0.5215
TGAAGC	0.5208
ACGTTC	0.5196
CTCGGA	0.5196
GATTCG	0.5184
GATCGA	0.5179
CGATCG	0.5167
AACGCC	0.5164
GGACAC	0.5161
GGAGTC	0.5157
GACTGC	0.5151
CGACTG	0.5150
TGAACG	0.5149
CGTCAA	0.5148
AGCGTC	0.5147
TCCGTC	0.5144
TCCGGG	0.5140
GACGCA	0.5139
ACGTCT	0.5132
GACAAC	0.5128
CGATGA	0.5121
GTGGAG	0.5116
ATCCGG	0.5115
TGACGG	0.5113
ACTGCG	0.5102
ACTACG	0.5096
GATGAA	0.5096
CTTCGA	0.5086
CTTCCG	0.5084
GAACGT	0.5075
GTTCGA	0.5075
GGAGCC	0.5067
CTCCGA	0.5066
GCGCGA	0.5062
ATCCCG	0.5059
AGTTCG	0.5054
AGAAGC	0.5049
GAGAAC	0.5044
TTCAAC	0.5039
ACGGAA	0.5037
CAACGG	0.5028
CGCGAG	0.5027
CTACGG	0.5026
GACTCG	0.5025
TCGCAC	0.5020
TCGTCA	0.5019
TACGTC	0.5008
GGCGGA	0.4989
GTCGCG	0.4973
ACACGC	0.4970
ACGACT	0.4962
CGGGAG	0.4961
TCGGAT	0.4949
GACACG	0.4932
TCGCCT	0.4921
CTCGAC	0.4915
CGCGAT	0.4908
GAGACT	0.4901
GAAGAG	0.4898
TTCCGG	0.4887
GCTGAC	0.4879
CGTGAC	0.4878
ACAAGA	0.4877
GATCCG	0.4875
GACGTG	0.4874
TTCGGA	0.4874
CGGAAT	0.4872
ACCGCG	0.4869
GCCGCG	0.4865
CGCTCG	0.4865
CGGGAC	0.4862
GGAAGC	0.4862
CTCGTC	0.4855
CCGCGC	0.4854
ACGCGA	0.4852
GGAATC	0.4846
GCCGTC	0.4846
TCCTGC	0.4843
CCTCGG	0.4830
CGGTCG	0.4830
GAGCGA	0.4828
TGGACA	0.4825
TGACGT	0.4815
CTCCGT	0.4813
AACGAC	0.4812
TCCGGC	0.4802
GAGACC	0.4798
GGCGCC	0.4795
GGACTG	0.4789
CGCCGT	0.4787
GCGAAC	0.4779
GAACTG	0.4772
GAGATC	0.4770
TCGAAC	0.4768
CGTCCT	0.4766
GAAGCT	0.4760
TTTCCG	0.4746
TCTCGC	0.4745
GCGATC	0.4743
AACACG	0.4736
ACGAAC	0.4732
TCGTTC	0.4727
GACTGA	0.4723
TCGTAC	0.4715
CGAGGA	0.4708
GACGGG	0.4704
AACCCG	0.4703
GAATCC	0.4695
AATCGA	0.4684
GAAACG	0.4680
GAAGTT	0.4675
GAACAA	0.4674
TCGAGA	0.4669
CAGACG	0.4665
GGACAA	0.4660
GCTGTC	0.4660
AAGATG	0.4653
TCAAGA	0.4643
GGATTC	0.4636
GAGAGC	0.4617
GCGCGG	0.4617
AGCGAC	0.4617
GCGGAA	0.4608
GCGGGA	0.4606
CGGCCG	0.4604
TTCGCA	0.4603
TGACCT	0.4591
TGAGGA	0.4588
AACCTG	0.4583
CTCCGC	0.4581
TGCGGA	0.4579
GATCGT	0.4576
AATCCG	0.4574
GATGAT	0.4564
GGCGCG	0.4554
GGAAAC	0.4553
CCGAAG	0.4553
CTCGCC	0.4552
TTGACG	0.4543
CCCGGA	0.4541
GAGTCC	0.4541
CCGGGC	0.4538
TTTCGC	0.4535
ATTCGC	0.4534
AGACCG	0.4530
ATTCCG	0.4529
GGACAT	0.4523
TGATGA	0.4511
CGCCGA	0.4502
TACCGG	0.4497
ATGAAC	0.4494
TCACGC	0.4489
TCGAGC	0.4488
TGGACT	0.4487
AAGATT	0.4483
TCGGAA	0.4472
GCGTTC	0.4471
ATCCTG	0.4471
CCGTGG	0.4470
CGATCC	0.4470
AGAACG	0.4467
CGGACC	0.4466
TTCTTC	0.4460
GCTGCG	0.4456
CTACGC	0.4456
CGCCTG	0.4455
GGATCC	0.4454
GACTTC	0.4448
CGGACT	0.4441
CTCCTG	0.4436
GATCGG	0.4430
TGGCGA	0.4427
ATGATC	0.4417
TTTCGA	0.4416
ACCTGC	0.4415
TCGGCC	0.4414
GAACGG	0.4413
GTCGCC	0.4412
AGCGGA	0.4404
GTCGGC	0.4404
AACCGG	0.4394
TACCGA	0.4391
CGGATC	0.4391
GACCTT	0.4380
CGTGCC	0.4366
TCGCGT	0.4362
TTCTAC	0.4361
CGTGGC	0.4357
GCCGAC	0.4353
AAGCGC	0.4353
TCGTGA	0.4348
GCGACT	0.4340
CTGGAT	0.4339
GCGCCA	0.4337
CTCGGC	0.4317
CGGTCC	0.4306
CGGAGT	0.4302
GCCGGA	0.4278
GTTCGT	0.4276
GGAACT	0.4275
TCGACA	0.4275
TGGAGA	0.4273
AAGTCG	0.4271
CGAGGC	0.4270
TCGGTC	0.4266
GGATAC	0.4263
TGAATC	0.4261
CCACGG	0.4258
TATCCG	0.4257
GAAATC	0.4256
TACGGA	0.4253
ACGGGA	0.4246
AAGACA	0.4242
TGTTCG	0.4236
AGAAGT	0.4235
CTGCGT	0.4232
CGATGG	0.4222
ATGCCG	0.4221
GTCCGG	0.4219
TCGCCA	0.4218
TGGCGC	0.4218
TCGGGA	0.4213
TTGCGA	0.4210
TTCGAA	0.4209
CGGGAT	0.4197
CATCGG	0.4196
AAAGGA	0.4182
CGTGTC	0.4180
AAGCGA	0.4180
CGCTGC	0.4179
GAACAC	0.4175
GGATGC	0.4170
AATCCT	0.4169
TCTGAC	0.4167
CCTGCT	0.4164
AACTCG	0.4163
TTACCG	0.4158
ACTCCT	0.4157
GGAACA	0.4152
ACGACC	0.4147
GACTAC	0.4145
TGGATG	0.4143
CCTTCG	0.4142
CAACGT	0.4138
AACTTC	0.4138
GACAGA	0.4137
AGCGCG	0.4135
CTTCGT	0.4133
GACCAA	0.4124
GCTTCG	0.4124
CAAGAG	0.4114
CCGCGT	0.4112
CGCATC	0.4100
GAGGAA	0.4097
GGAGGA	0.4093
GCCGGG	0.4091
AAACGA	0.4083
CCAACG	0.4082
CGTACG	0.4078
ATGCGC	0.4076
CCTGGA	0.4069
GAATAC	0.4057
CGTGAA	0.4056
GACGGT	0.4054
GGCGAA	0.4053
ACGAAG	0.4047
CGAACC	0.4046
TCGTGG	0.4041
AACCAA	0.4034
TCCCGG	0.4015
CGTCAC	0.4008
GTCCTG	0.4004
GAGTCG	0.4000
GATCCA	0.3997
CGAGTC	0.3989
AAACGC	0.3986
GGCAAG	0.3976
ATGTCG	0.3972
GACTCT	0.3969
CGCTTC	0.3969
AAGACC	0.3967
TTCGAG	0.3965
GGACGG	0.3957
AATCGC	0.3956
CCGTCC	0.3954
TGGAAG	0.3951
CGTTCC	0.3950
GTCGGA	0.3942
AAGAGC	0.3941
AGGACG	0.3939
CGCGCT	0.3931
ACAGAC	0.3929
TTGTCG	0.3928
ATGGAA	0.3928
CGGGAA	0.3923
AGAGAA	0.3922
AGGACT	0.3919
GATCGC	0.3919
GCAACG	0.3916
AAGATA	0.3911
GGATGA	0.3909
CCATCG	0.3907
TACGGC	0.3906
AAAGAC	0.3902
CACCGG	0.3901
ATCGGG	0.3901
CGAGAG	0.3901
CAGAAG	0.3901
GATACG	0.3893
GTGGAT	0.3893
ACTCGC	0.3891
ATGGCG	0.3884
TTCACG	0.3883
GGATCG	0.3880
TTCCTG	0.3875
CGGGCA	0.3875
ACGCTC	0.3869
CCGCCG	0.3868
AACGAT	0.3860
CGCAAC	0.3856
AATGGA	0.3856
CCCGGG	0.3855
TCTCGA	0.3854
CGGAGG	0.3854
GATCTG	0.3849
TGAAGT	0.3845
GACCTC	0.3844
GAAACT	0.3832
TTGCGC	0.3831
TTCTCG	0.3827
CCTACG	0.3817
AAGTCT	0.3813
ACGGAG	0.3812
TGTGAA	0.3805
GACCAT	0.3803
GAGGCC	0.3800
ACGCTG	0.3799
TGAGAC	0.3789
AGGATC	0.3786
CCTCGA	0.3781
CTCCCG	0.3776
GCGCAC	0.3753
CCTCGC	0.3740
CATGAA	0.3730
GACGTA	0.3725
CGGATT	0.3722
AGACTG	0.3721
ACGCCA	0.3720
GGACCC	0.3717
ACCACG	0.3709
AGAACT	0.3702
AGAATC	0.3682
GTTTCG	0.3675
ATGACT	0.3673
CGTCAT	0.3671
GAGCCG	0.3670
AGAGAT	0.3668
CTACGA	0.3663
CGTGGG	0.3663
GTTGCG	0.3659
AGTCGC	0.3652
CCCTCG	0.3649
CGGTAC	0.3637
GGACCA	0.3636
ACGCGT	0.3630
GAACCA	0.3630
ACGGCC	0.3628
GTGAGA	0.3627
TGTCGA	0.3620
TCTCCT	0.3619
GTGAAC	0.3618
GTTGAC	0.3617
AACGCT	0.3615
ACGATG	0.3613
GGAGGC	0.3612
GAACAT	0.3608
TGGATC	0.3592
ACGGGC	0.3592
GCGGTC	0.3589
CCGGGG	0.3583
ATACGC	0.3582
GCGAAG	0.3582
CGGTTC	0.3581
CCGAGG	0.3580
TGCCGG	0.3575
CGCGTG	0.3575
GGACTC	0.3571
TGCGAC	0.3569
GAAGCA	0.3565
CCGGAT	0.3565
TCAAGC	0.3563
CTACCG	0.3559
TCGCTC	0.3558
CCGTGA	0.3556
AAGCCG	0.3553
GAGAGA	0.3547
AAAGAA	0.3546
TTGGCG	0.3546
TACGCC	0.3543
GAATCT	0.3543
ATGTTC	0.3538
GTTCGG	0.3536
GCGAGA	0.3535
CGTCTC	0.3530
CAAGCG	0.3530
ACAAGC	0.3529
CGAAGT	0.3528
CGCCGC	0.3525
GTCATC	0.3525
CGAATC	0.3524
ACCTGG	0.3522
TCGCCC	0.3521
ACGTGG	0.3521
GCTACG	0.3511
AACATC	0.3508
ACACGG	0.3502
GAATTC	0.3499
TCGGGC	0.3498
TCCCCG	0.3498
CGCGCA	0.3496
AATGAC	0.3493
CAGAGA	0.3491
GAACTC	0.3483
CTACGT	0.3482
TCTTCA	0.3481
CGAGAT	0.3479
ATTGGA	0.3474
CCGTCA	0.3467
GAAAGA	0.3459
GCGGAG	0.3457
GGAGAA	0.3457
AACGTT	0.3442
TTCGAT	0.3441
CACGGG	0.3436
GCAGAA	0.3426
TCAGCG	0.3425
GACCGC	0.3420
ATCGGA	0.3417
GAAACC	0.3404
GGAGCG	0.3394
TGAACT	0.3391
GGACTT	0.3382
AGGAAC	0.3382
GACCAG	0.3380
TGAGAA	0.3380
ATGAAG	0.3380
GTTGCC	0.3376
GCCCGG	0.3372
TCGATG	0.3368
CCGCTG	0.3368
GCTGCT	0.3367
CCGTCT	0.3367
TACCTG	0.3366
GGAGAT	0.3364
AGGAGC	0.3362
TCCTGG	0.3354
GTGACC	0.3352
CGGGCG	0.3350
ACTGAC	0.3348
CAAGTC	0.3343
TTCGTG	0.3341
CTGCTC	0.3341
ATCGGC	0.3338
CTGCTG	0.3333
TGGAAA	0.3326
CCTGCA	0.3323
ACAGCG	0.3322
GAGGCG	0.3320
GCGAGC	0.3313
TTACGC	0.3312
AGATCG	0.3310
ATGCCT	0.3309
CGAAAC	0.3308
TTGATC	0.3304
TCATCT	0.3294
TGTGAC	0.3293
GAGATG	0.3266
TGGAAT	0.3263
TTCGGG	0.3261
ATGACC	0.3254
GTCTTC	0.3248
ACGAGC	0.3247
AACCCT	0.3236
GACTGT	0.3233
TGGATT	0.3233
AGTGAC	0.3232
ACGCCC	0.3232
TCTTCT	0.3229
CTCGGG	0.3227
CCCGTG	0.3225
TCTGCA	0.3221
ATCTCG	0.3219
AATTCG	0.3214
CGAACT	0.3214
TGGCGT	0.3209
CGGGGA	0.3197
CCCGAG	0.3196
GCGATG	0.3195
ATACCG	0.3193
TGACTG	0.3189
ACCCGA	0.3178
CCCTGC	0.3175
ACCCGG	0.3172
CTGGCG	0.3169
CCACGA	0.3168
GGCGAT	0.3164
AAGAGT	0.3162
CGCGTT	0.3160
TTGGAC	0.3148
AGAAAC	0.3147
TCGGAG	0.3147
AATCGT	0.3144
TACATC	0.3140
ATCGAT	0.3124
GTCGGG	0.3121
TGTCGG	0.3117
AACTAC	0.3115
TGCGCG	0.3113
TCGCTG	0.3109
CGTGAT	0.3106
TTGAAC	0.3098
CTGCCT	0.3097
AAACCT	0.3096
GAGAAT	0.3091
TGCGCC	0.3091
AGACGG	0.3089
CTTCTG	0.3089
CCGAAC	0.3086
AAAGCG	0.3085
GTGGCG	0.3083
TCCGAG	0.3081
GTCTGC	0.3078
CTCGAG	0.3078
TTCGCT	0.3076
ACTACT	0.3076
TTACGA	0.3070
AAGGCG	0.3063
GCAACA	0.3059
GAGCGT	0.3048
ACTGTC	0.3045
CACGGA	0.3036
GAAAAC	0.3034
GAGAAA	0.3023
CACGTC	0.3023
GCGTCT	0.3021
CGCTAC	0.3020
TACCCG	0.3020
GGCGGC	0.3017
CCCACG	0.3015
ATTTCG	0.3014
TGGCGG	0.3006
AGAGTC	0.2997
CGCCCT	0.2992
ATGGAT	0.2991
TGGAGC	0.2990
ACACTC	0.2990
ACACCT	0.2990
GGCGCA	0.2988
TACACG	0.2987
GAGCCA	0.2985
GCGCCT	0.2983
TGCGGG	0.2982
CTTCCT	0.2981
GATCAT	0.2981
CGCCAG	0.2980
TGAGCG	0.2978
GAAAGC	0.2977
GAACTT	0.2974
CAATCG	0.2967
TCGAAG	0.2965
CGCGGT	0.2960
AAACCG	0.2951
AATGCG	0.2949
AAACGT	0.2937
AGATCT	0.2935
TGACCA	0.2932
CGTGGT	0.2921
AAGTTC	0.2921
CAAACG	0.2920
GGGACC	0.2917
ATGCGG	0.2911
TTTCGT	0.2907
CGGGGC	0.2906
ATCGCC	0.2902
ACTCGG	0.2900
CGTTGG	0.2896
GCGGGC	0.2893
GATGTT	0.2891
GCGCCC	0.2890
CACGCG	0.2888
CCGGAC	0.2880
CGACCT	0.2879
GACAAG	0.2876
AACGGG	0.2876
ATTGCG	0.2875
GCGTGG	0.2873
TCGGCT	0.2870
TGGGAC	0.2863
TTCTGC	0.2863
ACGTAC	0.2860
TAACCG	0.2860
AACCTC	0.2859
ATCTGC	0.2859
CGACAT	0.2858
AAGCGG	0.2857
GCGCGT	0.2851
CTCGAT	0.2846
CCTCGT	0.2844
GATTGA	0.2843
CAACTC	0.2836
GCTCCG	0.2831
CGATGC	0.2831
TCTCGG	0.2830
GGCAAC	0.2828
CAACAC	0.2825
CGAGCC	0.2813
TGACTC	0.2813
CCCGAA	0.2812
TTGCGG	0.2811
GACACT	0.2806
CGCACC	0.2805
TGTCGT	0.2802
ATGAAT	0.2788
ACCCGT	0.2785
GGCGTT	0.2785
AGTCCG	0.2772
TGCGTC	0.2772
GCCTCG	0.2772
CGTACC	0.2767
CCTGGG	0.2765
GAGTAC	0.2759
GTTCAC	0.2754
CCGATG	0.2751
TCAACT	0.2750
TTGACC	0.2748
GATCCT	0.2748
TTCCGC	0.2747
TGGAGT	0.2746
TTTGCG	0.2743
ATTCGG	0.2742
TCATCC	0.2741
TCCGTG	0.2738
CATGAC	0.2737
CGAAGG	0.2735
GATTCT	0.2734
ACCCGC	0.2726
CTGTGA	0.2724
AAATCG	0.2710
GCAGAC	0.2709
GAGTCT	0.2709
CAACTG	0.2705
GAGCTG	0.2703
TCACCT	0.2700
CCCGCT	0.2698
CAACAA	0.2688
TACTCG	0.2683
ACTGAT	0.2680
CACGCC	0.2680
TGAACA	0.2670
GTTGTC	0.2667
CTGAAG	0.2663
ACTCGT	0.2662
CAATGA	0.2660
AATCGG	0.2660
GGGACG	0.2659
AACGTG	0.2654
ACATCT	0.2653
CTCTCG	0.2643
CTGACC	0.2638
CCCGAC	0.2637
GTCGTG	0.2635
ACTTCT	0.2635
CTCTGC	0.2631
TGAAAC	0.2630
TTCGTT	0.2630
CCGAGA	0.2629
CAGCGG	0.2624
GACATG	0.2621
GAGGTC	0.2620
TTGCCT	0.2617
GATGCT	0.2615
TTGGAT	0.2614
CGGTCT	0.2613
GCCTGC	0.2603
CGCTCC	0.2602
GTCCCG	0.2597
CTGCAC	0.2597
TGGCAA	0.2590
ATCACG	0.2585
ACTGCT	0.2585
GTTACC	0.2577
AGTCGT	0.2573
AGCCGG	0.2573
TTCAAG	0.2571
AACACT	0.2562
TCGAGG	0.2555
TCGTGT	0.2552
ACAGAT	0.2542
AGTTTC	0.2541
GCATGA	0.2527
TCACGG	0.2525
ACGTTG	0.2525
GAGCGG	0.2523
TGAACC	0.2517
GCAAAC	0.2509
TTTTCG	0.2509
GGCTTC	0.2506
GCGCTG	0.2506
TGATCT	0.2500
CAGGAC	0.2498
CTCGTG	0.2497
CGGCTG	0.2490
GTGATC	0.2489
TTCCGA	0.2489
GTCCAG	0.2487
GGAAGT	0.2487
GCAACT	0.2483
CGCTGT	0.2477
TCTGCC	0.2477
GCAATC	0.2474
GAGAGT	0.2471
GAGGAG	0.2469
TCCCTG	0.2468
GAAGTG	0.2467
GTTCTC	0.2465
AGGACC	0.2457
GCAAGT	0.2451
GAGAAG	0.2448
GACATT	0.2445
GGATTG	0.2440
GGAATT	0.2419
CGGGCC	0.2417
CCGTTG	0.2411
GTACCG	0.2408
TTGCGT	0.2402
TTATCG	0.2380
GAGATT	0.2368
TCGGGG	0.2368
GTGAAA	0.2365
CTGATG	0.2351
GTGATG	0.2346
AAGCTG	0.2346
TGTCCG	0.2337
CGAGGG	0.2334
GATACC	0.2322
TCTGCT	0.2321
CATCGC	0.2316
ACATCC	0.2313
TTGTTC	0.2304
TACGGG	0.2301
CAAAGA	0.2297
TTCACC	0.2294
GGATGT	0.2291
TGCTGC	0.2288
TGACAA	0.2288
ATGGAG	0.2285
AATCTG	0.2282
GTCTCG	0.2263
GTTACG	0.2258
GATACT	0.2250
CGCCCA	0.2250
CCGCTC	0.2243
CAACGA	0.2241
GTTCAA	0.2236
GATTCC	0.2234
TCAACC	0.2222
GTGACT	0.2215
CCGGTC	0.2210
TTACCT	0.2208
CGACCC	0.2190
TGTCGC	0.2186
CGTCCC	0.2182
CCGAGC	0.2160
TCGTGC	0.2160
TATCGG	0.2153
GCCGTG	0.2150
TGATGG	0.2149
CATCTG	0.2148
TTCTGA	0.2148
ACGAGG	0.2147
CTGTCC	0.2141
TTTCGG	0.2141
ATCGTG	0.2140
CAGTCG	0.2127
GTTCCG	0.2121
GGACTA	0.2120
CAAGCT	0.2120
GGGAAC	0.2114
GGTCGC	0.2113
CCGAGT	0.2108
GAGTTC	0.2097
GGCAGA	0.2096
AACTGC	0.2093
CAAGGC	0.2090
GGAATG	0.2083
ATGCTG	0.2078
CAGAAT	0.2070
CGAATG	0.2069
TTGGAA	0.2063
CCTCTG	0.2056
GATGCA	0.2046
CCGTGC	0.2045
TGTTCC	0.2042
GCAGCG	0.2041
GGCCGA	0.2040
AGTTCA	0.2040
ACGGGG	0.2038
ACTGCA	0.2033
GGCCGC	0.2020
TTCAGC	0.2005
GGTGAC	0.2004
CAGAAC	0.2000
GTGAAT	0.1990
GACTGG	0.1989
GACTCC	0.1978
TGACAT	0.1978
GAATGC	0.1970
CCCCGC	0.1966
CCGTTC	0.1965
CAACAT	0.1961
ACCGTG	0.1955
GCAAGC	0.1955
ACGTGC	0.1950
TGGCCG	0.1946
GGGAGC	0.1943
ACTCTG	0.1941
GGATCA	0.1939
AGATGC	0.1935
CCACGT	0.1934
CACCCG	0.1932
GGAGCA	0.1930
CCGACC	0.1929
ATACGG	0.1928
GGCTGA	0.1922
TCCGCC	0.1921
AGTTAC	0.1921
AGATCC	0.1919
CCCCGG	0.1917
CGTTGC	0.1909
TGAAAT	0.1899
CAGATG	0.1895
GGGCGC	0.1894
TCGTTG	0.1890
CAACCT	0.1885
ATTCTG	0.1883
GTGTCG	0.1883
GGCGTG	0.1883
GGCGCT	0.1877
TGTACG	0.1877
ATGATG	0.1872
AGGATG	0.1870
TGATGT	0.1866
CGTGCA	0.1865
CATTCG	0.1860
CATCCG	0.1837
TTGCTG	0.1835
CCATGG	0.1826
CTACTG	0.1815
AGCGGG	0.1815
CCGTGT	0.1804
GTTTCC	0.1800
GTTGGC	0.1795
GCTGCC	0.1789
GCGGGG	0.1785
AAACGG	0.1772
AGTTGC	0.1764
GGAAAT	0.1763
GTTGGA	0.1752
GTTGAA	0.1747
GCCTGG	0.1741
TGATCC	0.1724
TGTGAG	0.1709
TTCTCC	0.1705
CTGTGG	0.1693
TGGCTG	0.1693
GGCGAG	0.1689
GGCTGT	0.1686
GACTTG	0.1685
TGAAGG	0.1661
GTTCTG	0.1651
CGAGTG	0.1649
GCACGG	0.1644
TCTCTG	0.1641
GTACGG	0.1623
GTTCAT	0.1622
ACACTG	0.1601
AGTCGG	0.1599
AGTTCT	0.1575
AGAATG	0.1568
TGGTCG	0.1556
ACCCTG	0.1551
TGCCTG	0.1542
CACCTG	0.1538
GTGGGA	0.1528
AGCTGC	0.1518
CCTGCC	0.1509
GGCTGC	0.1508
GCTCGG	0.1503
GCGTTG	0.1493
CGATTG	0.1491
GTTATC	0.1487
CCTGTG	0.1486
GGCGGG	0.1478
GTTCCA	0.1463
ATCCAG	0.1455
GAATTG	0.1422
GTTTTC	0.1421
CGGCCA	0.1419
CCTTGG	0.1413
TGATGC	0.1397
CGTGCT	0.1395
ACCCTC	0.1369
TGGTCC	0.1357
CCCTGG	0.1340
CCGGTG	0.1337
GAGTTG	0.1315
TACTGC	0.1314
GATGGG	0.1306
TGAATG	0.1305
GGCCGG	0.1290
GCGTGC	0.1282
CCCCCG	0.1282
GGCCTG	0.1277
GGCAAA	0.1277
GTGTGA	0.1248
CATCCA	0.1246
GATTGC	0.1230
TGGATA	0.1226
ACCCCG	0.1219
ATGCCA	0.1214
GCAGCA	0.1199
GCAGGA	0.1198
GTGACA	0.1192
AATGGC	0.1190
AGTTGA	0.1189
CCCTCC	0.1153
CTGGGA	0.1151
GCTGCA	0.1149
CCCGGT	0.1148
CCCCTG	0.1140
GGCAAT	0.1122
TGTGAT	0.1106
GCAATG	0.1067
GCAACC	0.1057
CGGGGG	0.1024
TGGAGG	0.1006
CATGGG	0.1006
GCATGG	0.0974
TGGGAG	0.0767
GGCATG	0.0738
GCCAGA	0.0722
TGTGGC	0.0626
ATGGGA	0.0537
TCCAGA	0.0534
CTTTTA	-1.0610
CTTTAA	-1.0502
TAGGTA	-0.9965
TAGTAG	-0.9383
CTAGTA	-0.9251
CCAGCA	-0.8942
TAGTTA	-0.8933
CCTTTA	-0.8812
CTTAAA	-0.8786
AGGTAG	-0.8713
TAGATA	-0.8609
CTTTAG	-0.8549
TTAGTA	-0.8515
CTAGCA	-0.8479
TAGGGA	-0.8378
TAGGCA	-0.8352
GTTAGG	-0.8312
TTAGTT	-0.8306
TTAGGG	-0.8275
TAGGGT	-0.8221
GGTAGG	-0.8175
ATTATA	-0.8132
TAGTAA	-0.8123
TAGCTA	-0.8117
TAGGTT	-0.7965
GCTTTA	-0.7951
CTTATA	-0.7907
GGGTAG	-0.7862
TTTAGG	-0.7852
TTAGGT	-0.7835
TATTAG	-0.7813
GGTTAG	-0.7810
CTTTTT	-0.7802
CCTTTT	-0.7768
CTTAGT	-0.7739
CCTTAG	-0.7732
AGCTAG	-0.7716
TATAGG	-0.7712
CCATTA	-0.7703
GGTAAG	-0.7699
GCTAGG	-0.7639
TGTTAG	-0.7581
GTATTA	-0.7546
CTTTAT	-0.7525
CACCTA	-0.7371
GGGTTA	-0.7371
GTAGGG	-0.7329
CTTAGG	-0.7272
ATTAGG	-0.7266
ATTTTA	-0.7246
TAGGTC	-0.7232
TAGTAT	-0.7232
TATATT	-0.7158
GTATAG	-0.7148
TTAGGC	-0.7124
GGGTAA	-0.7098
GTAGGT	-0.7094
GTTAGT	-0.7066
CTAATA	-0.7049
AGTAGG	-0.7034
GGTTTA	-0.6996
ATAGGG	-0.6975
TAGTTG	-0.6920
TAGCTT	-0.6913
TGTAGG	-0.6885
GATAGG	-0.6881
TAGTCA	-0.6842
AGTCAG	-0.6839
CTAATT	-0.6815
TGCTAG	-0.6797
TAGTTT	-0.6777
AGCCTA	-0.6765
TATTTA	-0.6742
ATATAG	-0.6738
ACTTAA	-0.6715
CCAGTA	-0.6705
ATTTAG	-0.6683
TAAGTA	-0.6666
GTAGTA	-0.6656
CTAGGT	-0.6648
CCAATA	-0.6595
TAGGGG	-0.6588
GTAGTT	-0.6577
ACTTAG	-0.6560
GGGGGT	-0.6541
TTTTAG	-0.6478
GCCTAA	-0.6474
TAATAG	-0.6466
AGTTAG	-0.6450
TAGCAG	-0.6445
GGGTGG	-0.6426
GTATAA	-0.6424
CTCTTA	-0.6423
TAATTA	-0.6416
TGCCTA	-0.6408
CTATAT	-0.6355
TAGGGC	-0.6352
TTTAGT	-0.6350
CTATTA	-0.6344
TAAATT	-0.6315
AGATAG	-0.6305
AATAGG	-0.6293
CCTTAA	-0.6292
CCTAAT	-0.6280
TTAGGA	-0.6272
TGGTAG	-0.6265
CGTTAG	-0.6255
CCCTTA	-0.6225
TCTTAG	-0.6224
TGCATA	-0.6218
GTTTAG	-0.6218
TGGGTA	-0.6167
TAAAAT	-0.6163
GGTAGT	-0.6115
AATTAG	-0.6093
TAGGCT	-0.6085
CCTAGC	-0.6079
GCTTAG	-0.6060
CTATAG	-0.6044
CAGGTA	-0.6036
AGGTTA	-0.6020
TATTAA	-0.6020
TAAATA	-0.6013
TAGGAA	-0.6004
CTAGGG	-0.5999
ATTTTT	-0.5992
TAGCCC	-0.5988
CCTATA	-0.5987
CTTAAT	-0.5982
CCACCA	-0.5971
TATAAT	-0.5946
TAGGTG	-0.5945
TTATAG	-0.5944
GGGGTA	-0.5935
CCAAAA	-0.5916
CCATTT	-0.5901
TAGTGG	-0.5890
GTAATT	-0.5890
GGTAAA	-0.5885
ACCTAA	-0.5869
TAGACA	-0.5864
TATATA	-0.5857
TGCTTA	-0.5836
GCCTAG	-0.5831
ACTAAA	-0.5829
GGGTTT	-0.5809
TAGTGT	-0.5795
TTAGAT	-0.5780
TAGTGA	-0.5779
TTAGCC	-0.5749
TTAGTG	-0.5721
CTATTT	-0.5692
GGTTAA	-0.5692
ACCATA	-0.5691
GTAAGT	-0.5691
TCCCTA	-0.5662
GTAGGC	-0.5662
CCATAA	-0.5661
CTATAA	-0.5659
CTTACA	-0.5640
TATTTT	-0.5636
TAATTG	-0.5631
CACTTA	-0.5624
CCTAAA	-0.5621
CTTTCA	-0.5610
TCTAGG	-0.5608
TAGCCA	-0.5606
TTAAAT	-0.5576
TAGTAC	-0.5568
CTGTAG	-0.5562
AGGTAA	-0.5552
CTAGTT	-0.5546
ATAGTT	-0.5539
GTCTAG	-0.5522
CCCTTT	-0.5514
GTTAGA	-0.5514
ACTTTA	-0.5512
CACTTT	-0.5511
TTTAGC	-0.5510
TATAGT	-0.5509
TAGATT	-0.5496
GTAAGG	-0.5489
ATCTAG	-0.5472
TATGTA	-0.5462
TTAGAG	-0.5454
TAGCAA	-0.5449
ATGTAG	-0.5436
GGGGTT	-0.5427
ATAAAA	-0.5420
ACTAGG	-0.5416
CCCAGC	-0.5414
GGTATA	-0.5403
TTAGCT	-0.5391
TTAGTC	-0.5391
TAATAT	-0.5387
TGGTAA	-0.5383
GTAATA	-0.5382
CACATA	-0.5380
CCTTAT	-0.5374
GTAGCC	-0.5371
AGGGTA	-0.5347
GCTATA	-0.5338
ATATTT	-0.5337
GGTAGC	-0.5323
TGTTTA	-0.5317
CCCTAG	-0.5311
CAGTAG	-0.5302
CGGTAG	-0.5299
GGTAGA	-0.5297
TTGTAG	-0.5293
ATAGGT	-0.5276
TCCTTA	-0.5267
TGTATA	-0.5260
GTGCTA	-0.5250
TTAGCA	-0.5234
TGGGTT	-0.5211
TACTAG	-0.5207
ATTAAA	-0.5195
CCTATT	-0.5195
GGCTAG	-0.5187
AAATAG	-0.5180
TATAAG	-0.5175
TCATAG	-0.5171
CCTAGT	-0.5169
TAGGCC	-0.5165
CTAAGT	-0.5154
CTTAGC	-0.5144
CATTAG	-0.5139
TTAGAA	-0.5134
TGGGGT	-0.5112
CACTAG	-0.5094
TAGTTC	-0.5092
GGGTAT	-0.5082
GCTTAA	-0.5082
TTAATT	-0.5070
AGTAAG	-0.5050
GTGTAG	-0.5040
TATAAA	-0.5039
GTAAAA	-0.5038
ATAGTA	-0.5037
CTTAGA	-0.5030
ATAATA	-0.5025
TAGCAT	-0.4991
CCATAG	-0.4968
TTAAGT	-0.4964
GATTAG	-0.4956
TTTAAT	-0.4944
ATGGGT	-0.4943
TAAGTT	-0.4932
CTAAAT	-0.4928
TGTAGT	-0.4921
TAATAA	-0.4910
TTTATT	-0.4908
TCTATA	-0.4905
AGGCAG	-0.4904
ATTTAA	-0.4896
GGTAAT	-0.4895
TTAAGG	-0.4894
CTCAAA	-0.4878
CATTTT	-0.4876
TGCAAA	-0.4866
TAAATG	-0.4860
TTTAGA	-0.4845
CGTAGG	-0.4845
ATGGTA	-0.4843
GTTAGC	-0.4835
CAATTA	-0.4828
AGTAGC	-0.4827
TAATTC	-0.4825
GCCTTA	-0.4809
CACTAA	-0.4807
AGGGTG	-0.4796
GTACTA	-0.4787
AAGTAG	-0.4776
TTATTA	-0.4775
GTATTT	-0.4773
AATATA	-0.4769
TCTTTA	-0.4769
AGGTTG	-0.4763
CCAATT	-0.4762
TCCCCA	-0.4757
GCAGGT	-0.4754
CCCATA	-0.4746
TACTTA	-0.4745
GGTATT	-0.4741
GCTAGT	-0.4740
GGGTTG	-0.4719
GTAGCT	-0.4710
AGGGTT	-0.4699
CCTAGA	-0.4686
TAAGGT	-0.4683
TTCCCA	-0.4675
GTCAGG	-0.4675
AGTCTA	-0.4667
CCCTAA	-0.4665
TGCAAT	-0.4663
TAAGGG	-0.4659
GTAACA	-0.4658
GTAGCA	-0.4655
CCTAGG	-0.4651
CAATAG	-0.4646
AGGGGG	-0.4636
TAGGAG	-0.4636
AATAGT	-0.4630
CTTTTC	-0.4628
CTTATT	-0.4622
TTATAT	-0.4612
TAAGTG	-0.4612
GGGAGG	-0.4607
GGGGTG	-0.4575
TAACTT	-0.4574
TAGAAA	-0.4567
CTAGGC	-0.4566
TGGTTA	-0.4566
CTATCA	-0.4562
CTAAAC	-0.4560
CAGTAA	-0.4560
CATAGG	-0.4558
GTAGAT	-0.4547
GGTGGT	-0.4543
CCATAT	-0.4537
TTGGGT	-0.4530
TAGAGG	-0.4516
TAGCAC	-0.4514
TTTTTG	-0.4509
TCTAGT	-0.4505
GTAAAT	-0.4504
GCTAGC	-0.4483
CCACTA	-0.4480
GTGCAA	-0.4477
TAGTCC	-0.4467
TATAGA	-0.4467
TGATAG	-0.4464
ATAAAT	-0.4458
CAGCCA	-0.4446
TTTAAG	-0.4445
GGGCTA	-0.4444
TCCCAA	-0.4435
TATATG	-0.4432
TAACCC	-0.4418
CTAGCT	-0.4412
GTGCAT	-0.4412
ATTAGC	-0.4407
TTATAA	-0.4406
TAACTA	-0.4400
TGTTAA	-0.4395
CAGGGT	-0.4384
TCAGGT	-0.4383
GCCAAA	-0.4376
ATTAGT	-0.4373
TCCTAG	-0.4370
TTTTTA	-0.4365
AGCTAA	-0.4361
TAGCTC	-0.4360
TAACAG	-0.4357
GTGTTA	-0.4357
CATTAT	-0.4351
ACATAG	-0.4348
CCAAAT	-0.4347
AGGTTT	-0.4340
GGTTAT	-0.4340
CCCAAA	-0.4338
TATTAT	-0.4337
CCCCTA	-0.4336
TGTCAG	-0.4334
CAGGTT	-0.4332
TTTTAT	-0.4331
GGGTCA	-0.4322
CTTAAC	-0.4321
CTCATA	-0.4312
TGTGCC	-0.4306
CCCACC	-0.4294
AGGTGA	-0.4291
GCGTAG	-0.4284
CTTAAG	-0.4269
GGTTGT	-0.4269
ACTTTT	-0.4258
AGTATA	-0.4254
GCCCTA	-0.4249
GTAAGC	-0.4248
CTAAAA	-0.4243
ACCACC	-0.4241
TAGAGA	-0.4241
TTAATA	-0.4238
CCCCAG	-0.4235
AGGTGG	-0.4230
TCTATT	-0.4222
GTGCCT	-0.4218
TCCTTT	-0.4218
TATTTG	-0.4211
TTTATA	-0.4211
ACACTA	-0.4210
AAAATT	-0.4201
TAGAAT	-0.4188
GTCTAA	-0.4180
GTGCTT	-0.4164
GGTGAG	-0.4157
GCTAAG	-0.4157
CTAGCC	-0.4155
CATATA	-0.4143
AAATAT	-0.4135
TGGGGG	-0.4126
ACTAGT	-0.4093
ATCAGT	-0.4093
TAAAGG	-0.4074
TCAGTA	-0.4073
TATTTC	-0.4069
TAGAGT	-0.4058
GCCTTT	-0.4052
AGCTTA	-0.4048
CAGGTG	-0.4047
TTAATG	-0.4039
AGGCTA	-0.4038
CATTTA	-0.4036
CGCAGC	-0.4024
TAAGCA	-0.4024
TCTAAT	-0.4019
TATAGC	-0.4013
AGGTAT	-0.4012
GGGGCT	-0.4004
TGATTA	-0.4001
CGCTAG	-0.3992
TAATGC	-0.3978
CCCCCA	-0.3958
TTCTAG	-0.3957
GCCATA	-0.3951
ACTCTA	-0.3941
AGTAAT	-0.3939
TGCTTT	-0.3935
CGATTA	-0.3933
GTAGAG	-0.3930
CCCCTT	-0.3927
TCCCCC	-0.3926
TTAGAC	-0.3924
AATTAT	-0.3923
GGGTGT	-0.3920
GCACTT	-0.3918
ACTATA	-0.3908
GTTAAG	-0.3902
ACGTAG	-0.3902
GTAGTG	-0.3902
CAAATA	-0.3898
TAATTT	-0.3888
TGTAAT	-0.3888
CCCAGT	-0.3880
CTGGTA	-0.3877
TTATTT	-0.3874
TAGGCG	-0.3873
CTAGTG	-0.3872
TTTTAA	-0.3870
AGTATT	-0.3870
CTCTAG	-0.3869
GTCTTA	-0.3862
CCCTAT	-0.3861
CCACTT	-0.3858
GTTCCC	-0.3846
GTATAT	-0.3835
ATAGCA	-0.3829
CTAATG	-0.3821
CTCTAA	-0.3820
TGCGTA	-0.3818
TTTTTT	-0.3814
CTAGAT	-0.3808
CCTAAG	-0.3801
TAAAAC	-0.3800
TATCAG	-0.3794
CAGCTT	-0.3791
TTCCCC	-0.3790
TGGGTG	-0.3786
GTGCAG	-0.3783
GTGCCC	-0.3783
CTAGTC	-0.3779
CTAAGG	-0.3766
GGATAG	-0.3757
ACATAT	-0.3750
AGTGAG	-0.3743
GTAAGA	-0.3742
GTAAAG	-0.3742
ATATAT	-0.3741
TTTAAA	-0.3739
CTCTAT	-0.3738
AGTAGT	-0.3731
AGGGAG	-0.3730
TGATAA	-0.3728
CACCAT	-0.3727
CTTTAC	-0.3718
CGATAG	-0.3718
TAAGGC	-0.3716
CTAACT	-0.3713
AGGGCC	-0.3710
ATTCCC	-0.3710
CCTCTT	-0.3710
GGTTTT	-0.3709
TCAGGG	-0.3698
TTTATG	-0.3697
TAGTCT	-0.3695
GCTTAT	-0.3693
TTGGTA	-0.3689
TAAGCT	-0.3677
ATTGTA	-0.3675
CCTAAC	-0.3670
GGGCAG	-0.3669
TGCAGC	-0.3652
CCCAAT	-0.3649
ATAAGG	-0.3648
TAAAAA	-0.3648
CCAGCT	-0.3647
CTTGTA	-0.3646
ATAACA	-0.3643
CTAAAG	-0.3637
GCCCAA	-0.3635
CAGTAT	-0.3634
CTTCTA	-0.3628
TGGTAT	-0.3627
TAAGAG	-0.3625
TGTAAG	-0.3620
GGGTGA	-0.3608
TATTGT	-0.3608
CCAGCC	-0.3607
ATATAA	-0.3606
ATTAAT	-0.3604
CCAAAC	-0.3600
ATATTA	-0.3599
CCCCAA	-0.3593
GGTGGG	-0.3592
ACTAAG	-0.3589
GGTACA	-0.3589
ATTAAG	-0.3589
TGTAGC	-0.3589
TATTGC	-0.3584
GGGGGG	-0.3582
CTATTG	-0.3575
TACTTT	-0.3572
GTAGAA	-0.3565
TATTAC	-0.3555
ATTATG	-0.3554
CATTAA	-0.3550
CCCATT	-0.3543
AGTGTA	-0.3538
AGCTTT	-0.3530
AACCCA	-0.3520
TAGTGC	-0.3519
CTCTTT	-0.3518
TAAACT	-0.3510
GTAGGA	-0.3508
GGTCAG	-0.3506
ATCTTA	-0.3503
CTAGAC	-0.3501
GGGCTT	-0.3500
GGTGGC	-0.3500
GCTATT	-0.3497
CAGCTA	-0.3494
GCTCTA	-0.3493
TTAAAA	-0.3488
GGGGTC	-0.3486
CCGTAG	-0.3482
GTAGTC	-0.3481
CATAAT	-0.3479
GGGTCT	-0.3467
TTCCTA	-0.3464
TCTAAG	-0.3461
GAGTAG	-0.3444
TAGCGT	-0.3439
AATAAA	-0.3439
TAGGAT	-0.3433
GCTCAG	-0.3432
TTATTG	-0.3429
AAAAAT	-0.3426
CCATAC	-0.3423
CATAGT	-0.3416
CAGTTA	-0.3413
TAATGT	-0.3403
AGGGGT	-0.3402
GAGGGT	-0.3401
GTACAA	-0.3381
GTACTT	-0.3378
AGCTAT	-0.3378
ATAGTG	-0.3373
TGGTTT	-0.3373
GTGGGT	-0.3373
GGGGAA	-0.3370
TTGTTA	-0.3368
CATCTA	-0.3353
GTATGT	-0.3353
GTGTAA	-0.3352
TGCACA	-0.3349
ATAATG	-0.3346
GAATAG	-0.3345
TAGAAG	-0.3344
ACTAAT	-0.3339
TTTTGC	-0.3310
ATGGGG	-0.3310
GCACTA	-0.3307
AGCTTG	-0.3300
GGTAAC	-0.3300
ATTTCC	-0.3296
GCTTTT	-0.3294
TATTCC	-0.3293
TATCCC	-0.3292
TAGATG	-0.3284
TTGAGG	-0.3283
ACCCCA	-0.3279
TATAAC	-0.3279
ATATTG	-0.3278
CAGGGA	-0.3276
ACCTAG	-0.3268
CCAGTT	-0.3264
TGCATT	-0.3261
ATAATT	-0.3258
GTAACT	-0.3257
TTAGCG	-0.3255
CCAGGT	-0.3252
CATAAA	-0.3245
CACTAT	-0.3243
GGTTGG	-0.3242
GGTTTG	-0.3231
TGCTAT	-0.3229
TTTGGT	-0.3228
GTACAG	-0.3226
TGTTTT	-0.3226
CCTTAC	-0.3224
CTTTTG	-0.3221
TTCAGG	-0.3221
GCTAAT	-0.3215
AAATTT	-0.3211
TGTGTA	-0.3203
GCAGCC	-0.3203
GCCAGG	-0.3198
TGCTAA	-0.3195
TGTATT	-0.3191
GTAAAC	-0.3190
TCGTAG	-0.3184
GCCATT	-0.3181
GGTATG	-0.3174
TCTTAT	-0.3173
AACTAG	-0.3167
ATAACT	-0.3164
CTCAGG	-0.3157
AATATT	-0.3154
ATCTAT	-0.3151
ACAGGT	-0.3150
CTAGAG	-0.3148
GTTATA	-0.3140
GTAATG	-0.3128
CTGTGC	-0.3117
GTTTTA	-0.3115
GCCACC	-0.3111
TCAGTT	-0.3108
GCCTAT	-0.3102
TAAAAG	-0.3096
CAGATA	-0.3091
GTCAGT	-0.3081
TGGTGG	-0.3079
CTTATG	-0.3075
CTATGT	-0.3073
TAAACC	-0.3064
TAGCTG	-0.3060
TGCCTT	-0.3058
ACAGGG	-0.3050
GGTCTA	-0.3048
GACTAG	-0.3040
TGTAAA	-0.3038
AGCAGG	-0.3038
TGTAGA	-0.3031
CCACCC	-0.3029
CAGCCT	-0.3028
TACAGG	-0.3028
ATCCCC	-0.3027
CTTTGT	-0.3025
TACATT	-0.3025
AGCACC	-0.3023
CTTGTT	-0.3022
TATGTT	-0.3006
AGCCTT	-0.3005
TTATGC	-0.3004
TAATGG	-0.2995
TAATAC	-0.2990
TAAAGT	-0.2990
TATGCA	-0.2989
CATATT	-0.2985
ACCCTA	-0.2979
TAAATC	-0.2978
GCAGTA	-0.2970
GGGTAC	-0.2969
CAGTCA	-0.2967
GATTAA	-0.2966
CCTTTC	-0.2960
GTTTAA	-0.2958
ACTATT	-0.2956
AGCAGC	-0.2955
GTGTAT	-0.2952
GGCTTA	-0.2947
TATGAG	-0.2940
GAGCTA	-0.2940
CGTAGC	-0.2940
GCCAGC	-0.2940
TCCTAT	-0.2935
CCAGAC	-0.2930
CTATTC	-0.2923
TCCCAG	-0.2922
AGCCCA	-0.2921
AATAAG	-0.2921
GTATCA	-0.2920
AAACCC	-0.2918
TTTGTA	-0.2907
AATAAT	-0.2894
ATGGTT	-0.2892
TATCTT	-0.2874
GTTAAT	-0.2870
GAGGTA	-0.2869
TGCCAT	-0.2867
CAATAA	-0.2864
TAAGCC	-0.2862
ATTATT	-0.2861
CACCTT	-0.2858
AGGTGT	-0.2858
CCTATC	-0.2854
TCTTTT	-0.2837
TGCTCA	-0.2837
CTAAGC	-0.2835
ATTCTT	-0.2832
CCGTTA	-0.2828
CAGGTC	-0.2826
CCACAG	-0.2826
GGCTCA	-0.2824
TTTTGT	-0.2808
TGGGTC	-0.2794
ATCCCA	-0.2794
ATAGCC	-0.2792
TTGGTT	-0.2791
CTTCTT	-0.2790
CCTGTA	-0.2786
TCCCTT	-0.2776
GGGGGC	-0.2769
CCGGCA	-0.2761
AGGGGA	-0.2748
CACTTG	-0.2745
ATAACC	-0.2742
AACAGG	-0.2738
TGCACT	-0.2725
TTATGT	-0.2721
GCAGGG	-0.2718
GTATTG	-0.2714
ATAAAG	-0.2713
TATGGT	-0.2713
GGGCAA	-0.2707
CAATAT	-0.2684
ACCTAT	-0.2683
CACTCT	-0.2679
TTTTGG	-0.2676
CACCCA	-0.2676
TGCCCT	-0.2671
AGGGCA	-0.2671
TCAGTG	-0.2670
GTGTTT	-0.2667
TAATCC	-0.2665
ATAGCT	-0.2665
AATGGG	-0.2660
TTGTAA	-0.2659
TAGCCT	-0.2658
CACCAA	-0.2654
TACAGT	-0.2653
TCCATT	-0.2653
CAAAAT	-0.2652
ATAGAG	-0.2651
GTAATC	-0.2642
TTATGG	-0.2633
TGTTAT	-0.2632
AAAGGG	-0.2631
ATCAGG	-0.2622
AGGTGC	-0.2616
GCATTA	-0.2613
GGTTCA	-0.2611
CCCCAT	-0.2606
CTCCCC	-0.2604
TTAAGC	-0.2604
GGCCTA	-0.2597
ATTTAT	-0.2596
TGGGCT	-0.2593
TGTCTA	-0.2593
TGCCAC	-0.2581
GCTCTT	-0.2576
ATTTTG	-0.2571
TACAAT	-0.2569
GGCTAA	-0.2569
TGCCAA	-0.2568
CTCTTG	-0.2567
GTTTTT	-0.2565
CTTTGC	-0.2564
TATTGG	-0.2556
AGTGTG	-0.2555
AACCCC	-0.2554
CATCTT	-0.2552
CAAAAA	-0.2551
CCCACT	-0.2550
TGAGGG	-0.2547
TGCCCC	-0.2546
TACTTG	-0.2546
GTTATT	-0.2544
CACGTA	-0.2535
ATACTT	-0.2530
TCACAG	-0.2527
TATGTG	-0.2527
TAGACC	-0.2519
TGTGCT	-0.2515
TCTTGC	-0.2513
AGTATG	-0.2512
GCTATG	-0.2509
GTCAGC	-0.2509
GGCACT	-0.2508
GAGGTT	-0.2501
GTATCT	-0.2491
AGGGCG	-0.2489
TACTAT	-0.2488
TTCCCT	-0.2486
GTACAT	-0.2485
GGGTGC	-0.2476
TGTGCA	-0.2473
CCACCT	-0.2469
GCCCTT	-0.2467
AGTGGG	-0.2464
ACCCTT	-0.2459
GTGTCA	-0.2457
GCACCT	-0.2456
AATATG	-0.2455
GGTGTA	-0.2442
GTTTAT	-0.2440
ATATGC	-0.2434
CCCAGA	-0.2434
GTCTTT	-0.2428
TTTGCA	-0.2428
CAGCCC	-0.2420
TTAAAG	-0.2418
TCAGCC	-0.2412
CCTTTG	-0.2411
GCTTTG	-0.2410
AATGGT	-0.2409
TCTATG	-0.2404
GGGGAT	-0.2381
CTTTCC	-0.2378
CATAAC	-0.2376
GCCCCA	-0.2375
AGTCCC	-0.2374
GGGGCG	-0.2366
GGTTGC	-0.2364
GCTTGC	-0.2364
GGGCTC	-0.2363
GATAGT	-0.2351
TAACTG	-0.2350
CACAGG	-0.2349
GGCTTT	-0.2341
CACCAG	-0.2332
AGCCCC	-0.2331
ATGAGG	-0.2330
TAACCA	-0.2329
GGGGGA	-0.2324
GTTAAA	-0.2315
CAGTTT	-0.2312
CTTCCC	-0.2311
ATACCC	-0.2288
GGCAGG	-0.2287
AAATTG	-0.2280
CATGTA	-0.2276
CTATGC	-0.2275
CAGGGG	-0.2273
TGCAGT	-0.2272
GCCAGT	-0.2270
ACCCAG	-0.2267
AGCTGG	-0.2266
AGGTCC	-0.2263
ATTACC	-0.2261
TTGATA	-0.2257
GGTTAC	-0.2255
AATGCA	-0.2253
AGGGGC	-0.2250
TTCCTT	-0.2246
TCCACC	-0.2246
TTTGAG	-0.2246
CTCCCA	-0.2246
TTGAGT	-0.2244
TATACC	-0.2240
GACAGG	-0.2239
GATCAG	-0.2235
CAAATT	-0.2234
GTGGTA	-0.2233
AAATGC	-0.2230
CAGGCA	-0.2228
GGCTAT	-0.2227
TTTGTG	-0.2222
CACAGC	-0.2218
GGCTCT	-0.2217
GGCTGG	-0.2214
AATTCC	-0.2200
TTTGCT	-0.2194
TTTGTT	-0.2191
CCAGTC	-0.2189
TCTTTG	-0.2184
TTGGGG	-0.2182
GTTGAG	-0.2182
CCAAAG	-0.2180
TTTCCA	-0.2178
GGGAAA	-0.2177
CAGGCT	-0.2174
CTAACC	-0.2172
GGTGTG	-0.2172
TTAAGA	-0.2172
CACAAT	-0.2170
CTTGCC	-0.2170
CCCCCT	-0.2168
TTCTTG	-0.2167
TATGGG	-0.2166
TTAACT	-0.2164
CCATCA	-0.2163
AAAATG	-0.2161
GCTGGG	-0.2157
AGTTTA	-0.2155
GTCCCC	-0.2154
CCTCTA	-0.2154
GGTACT	-0.2150
GTGGGG	-0.2142
GTATGG	-0.2142
TTTCTT	-0.2138
GGGCGG	-0.2132
AATCCC	-0.2128
GCCCCC	-0.2120
CTACCC	-0.2112
TGGTTG	-0.2112
CACAAA	-0.2109
TATGCT	-0.2103
TGCTGG	-0.2103
AAAAGG	-0.2101
ACTACC	-0.2094
CACTCA	-0.2075
TTACAG	-0.2073
TTCTTA	-0.2067
CCTTGT	-0.2067
TTCTTT	-0.2067
AAGGGA	-0.2066
ATCACC	-0.2063
GGGGCC	-0.2061
CCAATC	-0.2061
TGTACA	-0.2053
TTTAAC	-0.2051
AATTGC	-0.2048
GGTTGA	-0.2044
CCTATG	-0.2005
TTGTGG	-0.2005
GTTTGG	-0.1999
TTTGGG	-0.1999
TGTGTT	-0.1982
CACAGT	-0.1971
TTCAGT	-0.1968
GTTTTG	-0.1964
TTGTTT	-0.1963
CAGTGT	-0.1961
CAGCAT	-0.1944
GGCTTG	-0.1931
AAGGGG	-0.1928
TTTTAC	-0.1928
AGCCAG	-0.1925
TACCCA	-0.1923
CTTGCA	-0.1911
ATCTTG	-0.1905
GGGCAT	-0.1899
TACATG	-0.1898
TGCAGG	-0.1895
TTTCAG	-0.1892
GGTGCT	-0.1890
CTACCA	-0.1883
ACCCAT	-0.1882
GTGCCA	-0.1848
TTCTAT	-0.1848
TTGCAC	-0.1830
GCACTC	-0.1830
GTTGGG	-0.1820
CAGGGC	-0.1814
TGCTTG	-0.1809
TGCTCT	-0.1806
ACCCCC	-0.1805
GGTCTT	-0.1795
TAGCGG	-0.1793
CACCCC	-0.1791
GAGTTA	-0.1790
TTTCCC	-0.1789
CCGCAG	-0.1788
GCATTT	-0.1786
GCAATA	-0.1784
ATTGCA	-0.1780
ATTTGC	-0.1772
CTGTGT	-0.1771
AATTTG	-0.1746
GTGTGC	-0.1742
TTGGTG	-0.1729
GTGCGT	-0.1723
AGTTAA	-0.1722
GGCACC	-0.1707
CTTGCT	-0.1692
AGTGCA	-0.1688
CATATG	-0.1688
AAGTGG	-0.1683
GCACAT	-0.1662
TTTTCC	-0.1649
GTGATA	-0.1649
CAGTGC	-0.1629
AAGGTG	-0.1623
ACAGTG	-0.1614
GCATAG	-0.1614
TGTTTG	-0.1606
CATTTG	-0.1604
GTGTGT	-0.1588
GTGGTT	-0.1579
GTTGGT	-0.1575
GTTGTA	-0.1574
ATTGTG	-0.1569
TGGCTA	-0.1560
CCCCAC	-0.1552
ACTTTG	-0.1547
AGAGGG	-0.1545
GCATAA	-0.1533
TGTATG	-0.1525
ATTCCA	-0.1519
ACCCCT	-0.1515
TTGCTC	-0.1512
CCCGTA	-0.1510
TTGTGC	-0.1509
GGTGCA	-0.1504
CCCACA	-0.1499
TTGTTG	-0.1496
TGGGGC	-0.1491
TACCCC	-0.1480
ATGGTG	-0.1476
GTTATG	-0.1474
AGGAGG	-0.1468
TCACCA	-0.1463
ACCCAA	-0.1462
AAGGGC	-0.1458
TCTCCA	-0.1445
GAGGGG	-0.1442
GTATGC	-0.1440
TGGTAC	-0.1438
TGCCCA	-0.1432
CCAGTG	-0.1432
GGAGGG	-0.1431
GAAAGG	-0.1415
GTGGGC	-0.1398
ACTTGC	-0.1386
ACTCCA	-0.1386
GCATCT	-0.1385
ACCCAC	-0.1381
TTGGGC	-0.1379
CCCCCC	-0.1369
TGGCAC	-0.1332
ACACCA	-0.1273
GTCCCA	-0.1241
CCGCCA	-0.1191
GCACCC	-0.1167
GCACCA	-0.1160
AGTGCT	-0.1159
TGGGGA	-0.1131
GCAGCT	-0.1130
CTCCAG	-0.1117
GTGTTG	-0.1111
ATTGCT	-0.1097
ATGCAC	-0.1094
GTTGTG	-0.1094
GGCAGT	-0.1072
ATGGGC	-0.1064
AGTTTT	-0.1060
TGGGCA	-0.1047
ATTGGG	-0.1034
AGTTCC	-0.0982
CATGCA	-0.0950
GTGCTC	-0.0922
CCCTTG	-0.0921
CCCAGG	-0.0910
TGTGTC	-0.0910
AGTTAT	-0.0906
GGCACA	-0.0858
GAGGGC	-0.0842
GGCATT	-0.0818
CCAGGG	-0.0810
TACCAG	-0.0806
TGTGCG	-0.0805
GGGGCA	-0.0801
TACCCT	-0.0770
GGGGAG	-0.0730
TGTGTG	-0.0725
TTCCAG	-0.0665
GTGCAC	-0.0664
TGTGGG	-0.0596
